Raw Tag,Coded Tag
Игра,
Миф,
Постмодерн,
Публичная Дипломатия,
Філософія,
20th Century American Literature,
20th Century Us Ethnic Literature,
2d And 3d Graphics And Simulations,
Absurd Theater,
Activism,
Actor-Network Theory,
Adaptation,Adaptation Studies
Adaptation Studies,
Adaptations,Adaptation Studies
Addiction,
Advergames,
Aesthethics,Aesthetics
Aesthetic Experience,Aesthetics
Aesthetics,
Affect,Affect Theory
Affect Theory,
Afro-Latinx Studies,
Agency,
Ai,Artificial Intelligence
Algorithm Analysis,
Alienation,
American And Japanese Cyberpunk,
American Film,
American Literature,
American Studies,
Análise De Discursos,
Analog Game Design,
Ancient History,
And Design,
Animation,
Anonymity,
Anthropology,
Antropología Cultural,
Antropología Visual,
Anxiety,
Applied Linguistics,Linguistics
Archaeology,
Archetypal Criticism,
Architecture,
Architecture History And Theory,
Archival Studies,
Art,
Art And Design,
Art Education,
Art Game,
Art Games,
Art History,
Art Studies,
Art Theory,
Art/Science/Technology,
Arte,
Arte Contemporáneo,
Artgames,
Artificial Intelligence,
Arts,
Astrophysics,
Atmospheres,
Audience Studies,
Audiences And Fans,
Audiovisual,
Audiovisual Translation,
Audiovisual Volumetry,
Augmented Reality,
Autoethnography,
Avant-Garde,
Avatar Studies,
Avatars,
Badanie Gier,
Bahasa Dan Sastra,
Basic Design,
Believable Characters,
Biblical Rhetoric,
Bildung,
Bioethics,
Blockchain,Blockchain Studies
Blockchain Studies,
Board Games,
Boardgames,Board Games
Book History,
Borderlands,
Brand Management,
British Literature,
Business Ethics,
Business Models,
Celebrity Culture,
Children's Media Culture,
Chinese Media,
Cibernética,
Cibertexto,
Cidades,
Ciencia Política,
Ciencias De La Comunicación,
Ciencias Sociales,
Cinema,Cinema Studies
Cinema And Media Studies,Cinema Studies
Cinema Studies,
Civic Awareness,
Civilisation Américaine,
Class And Gender,
Classical Reception,
Classical Rhetoric,
Classics,
Co-Creation,
Co-Creativity,
Cognitive Humanities,
Cognitive Management,
Cognitive Science,
Collective Memory,
Collective Programming,
Comedy And Humor,
Comic Books,Comics Studies
Cómic Latinoamericano,
Comic Studies,Comics Studies
Comics,Comics Studies
Comics Studies,Comics Studies
Communication,
Communication And Cultural Studies,
Communication And Technology,
Communication Science,
Communication Sciences,
Communication Studies,
Communications,
Community Management,
Comparative Literature,
Comparative Research Design,
Complexity,
Composition,
Composition Pedagogy,
Composition Studies,
Computation,
Computational And Digital Media Studies,
Computational Communication,
Computational Critisism,
Computer-Mediated Communication,
Computer Art,
Computer Games,Video Games
Computer Vision,
Computers And Society,
Computerspiel,Video Games
Computing Education,
Computing History,
Comunicação E Política,
Comunicação Social,
Comunicación,
Comunicación Digital,
Conspiracy Theories,
Contemporary Art,
Contemporary German Literature,
Contemporary Philosophy,
Continental Philosophy,
Conversation Analysis,
Coping,
Corporate Responsibility,
Courtly Literature,
Creative Coding,
Creative Industries,
Creative Labor,
Creative Research,
Creative Writing,
Crisis Communication,
Critical Animal Studies,
Critical Code Studies,
Critical Design,
Critical Game Design,Game Design
Critical Media Design,
Critical Media Studies,Media Studies
Critical Media Theory,
Critical Modification,
Critical Pedagogy,
Critical Race Theory,
Critical Social Psychology,Social Psychology
Critical Theory,
Criticism,
Cross-Cultural Psychology,
Crowdsourcing,
Cultura Digital,
Cultura Popular,
Cultura Visual,
Cultural Analysis,
Cultural Heritage,
Cultural Identity,
Cultural Industries,
Cultural Intermediaries,
Cultural Policies,
Cultural Sociology,
Cultural Studies,
Cultural Theory,
Culture Studies,Cultural Studies
Culturology,
Curatorship,
Curriculum Development,
Cyberculture,
Cyberpsychology,
Data,
Data Analysis,
Data Capitalism,
Data Mining,
Data Science,
Data Visualization,
Death,
Death Studies,
Decentering Game Studies,Game Studies
Decolonial Thought,
Deconstruction,
Deportes Electrónicos,
Design,
Design Fiction,
Design Justice,
Design Research,
Design Universal E Acessibilidade,
Diaspora,
Didactics,
Difficulty,
Digital Aesthetics,
Digital Aggression Studies,
Digital And Interactive Media,
Digital Anthropology,
Digital Business Ethics,
Digital Culture,
Digital Cultures,Digital Culture
Digital Education And Learning,
Digital Games,Video Games
Digital Heritage,
Digital Humanities,
Digital Identities,
Digital Learning Environments,
Digital Literature,
Digital Media,
Digital Media Education,
Digital Media Theory,Digital Media
Digital Methods,
Digital Performance,
Digital Preservation,
Digital Rhetoric,
Digital Sociology,
Digital Technologies,
Digital Therapeutics,
Disability Studies,
Discourse,
Discourse Analysis,
Diskursanalyse,
Distant Reading,
Diversity And Inclusion,
Dungeons & Dragons,
E-Learning,
E-Poetry,
E-Sports,Esports
Early Modern Drama,
Early Modern History,
Ecocriticism,
Ecofeminism,
Ecological Psychology,
Ecomedia,
Economics,
Economics And Ethics,
Educación,
Education,
Educational Psychology,
Educational Technology,
Electronic Literature,
Embodied Rhetorics,
Emotion,
Empirical Legal Studies,
Energy,
Engagement,
English,
English Language Teaching,
English Literature,
Entertainment And Politics,
Entertainment Industries,
Environmental Games,
Environmental History,
Environmental Media,
Environmental Modelling,
Environmental Studies,
Epic,
Epistemology Of Design,
Españolada,
Esports,
Estética,
Estudios Cinematográficos,
Estudios Culturales,
Estudios De Género,
Ethics,
Ethics Of Ai,Ethics
Ethnography,
Ethnoprogramming,
Ethology Of Ai,Ethics
Ética,Ethics
Evaluating Research Evidence,
Evidenz,
Existential Ludology,
Existential Philosophy,
Existentialism,
Expressive Processing,
Extremism,
Eye Tracking,
Fan Studies,
Fandom Studies,Fan Studies
Fantasy,
Feminism,Feminist Studies
Feminist Game Studies,Feminist Studies
Feminist Media Studies,Feminist Studies
Feminist Sts,Feminist Studies
Feminist Studies,Feminist Studies
Feminist Theory,Feminist Studies
Fernando Pessoa,
Fiction,
Fiction Writing,
Film Studies,
Film Theory,Film Studies
Filmwissenschaft,Film Studies
Filosofia,Philosophy
Filosofía,Philosophy
Finnish Language,
Finnish Literature,
Folklore,
Folkloristics,
Food Systems,
Forensic Psychology,
Formal Analysis,
Foucault,
Free Software,
Gambling In Digital Games,
Game-Based Education,
Game-Based Learning,
Game Art,
Game Based Learning,
Game Characters,
Game Criticism,
Game Cultures,
Game Design,
Game Development,
Game Education,
Game Ethics,Ethics
Game Fandom,
Game History,
Game Jams,
Game Localization,
Game Production,
Game Production Studies,
Game Research,
Game Science,
Game Sound,
Game Studies,
Game Technology,
Game Theory,
Gameful Design,
Gameplay Design,
Gamerspace,
Games,
Games And Culture,
Games And Learning,
Games Culture,
Games For Good,
Games In Education,
Games Research,
Games User Research,
Gamification,
Gaming And Gambling In Youth,
Geek Culture,
Geek Studies,
Gender,Gender Studies
Gender & Sexuality,Gender Studies
Gender And Sexuality,Gender Studies
Gender And Sexuality Studies,Gender Studies
Gender Differences,Gender Studies
Gender Equality,Gender Studies
Gender Studies,Gender Studies
Genre Studies,
Genre Theory,
Geography Of Communication.,
Glitch And Digital Art,
Global Public Relation,
Global South,
Global South Studies,
Gothic Studies,
Governance,
Graphic Design,
Groundwater Hydrology,
Gry Niezależne,
Gry Wideo,
Habitus,
Hci,Human Computer Interaction
Health Communication,
Health Humanities,
Health Informatics,
Heidegger,
Heritage Studies,
Hermeneutics,
Herói,
Higher Education,
Hipertexto,
Historia Del Arte,
Historia Del Cine,
Historia Digital,
Historia Pública,
Historical Culture,
Historical Game Studies,
Historiography,
History,
History And Archeology,
History Didactics,
History Of Computing,
History Of G,
History Of Games,
History Of Science,
Homer,
Horror,
Horror Studies,
Human-Computer Interaction,Human Computer Interaction
Human-Machine Communication,
Human-Robot Interaction,
Human Brands,
Human Computer Interaction,
Human Rights And Literary Studies,
Hunting,
Hybrid Games,
Hybrid Play,
Identity,
Identity Studies,
Ideology,
Illustration,
Ilustração Digital,
Image Processing,
Immersive Experience Design,
Immersive Technologies,
Immersive Theatre,
Independent Games,
Indie Games,
Indigenous Games,
Indigenous Methodologies,
Indigenous Studies,
Information Science,
Information Studies,
Information Technology,
Information Visualization,
Installations,
Instructional Design,
Intellectual Property,
Interaction,Interaction Design
Interaction Design,
Interactive Art,
Interactive Environments,
Interactive Fiction,
Interactive Media,
Interactive Music,
Interactive Narrative,
Interactive Narratives,
Interactive Storytelling,
Interactivity,Interaction Design
Interface,
Interface Design,
Intermediality,
Internet,Internet Studies
Internet Culture,Internet Studies
Internet Studies,Internet Studies
Intersectional Feminism,
Intrinsic Motivation,
Iot,
Iteration,
Jacques Rancière,
Japanese And American Popular Culture,
Japanese Film,
Japanese Games,
Japanese Literature,
Japanese Pop Culture,Japanese Popular Culture
Japanese Popular Culture,Japanese Popular Culture
Japanese Studies,Japanese Popular Culture
Jeux Vidéo,Video Games
Jewish Studies,
Jogos,
Jogos Digitais,
Journalism,
Journalism Studies,
Juegos De Rol,
Kenneth Burke,
Knowledge Representation And Reasoning,
Kultura Popularna,
Labour,
Larp,
Latin American Cultural Studies,
Latin American Studies,
Latinx Literature,
Leadership Studies,
Learning By Playing,
Leisure,
Leisure Studies,
Letras,
Level Design,
Library Science,
Life Writing Studies,
Lingüística,
Linguistics,
Literacies,
Literary Studies,
Literary Theory,
Literatura,
Literatura Comparada,
Literatura Hispanoamericana Contemporánea,
Literature,
Literature And Religion,
Literature Theory,
Live-Streaming,
Live Streaming,
Localization,
Locative Media,
Love,
Ludoliteracy,
Ludologie,Ludology
Ludology,Ludology
Ludomusicología,
Ludomusicology,
Ludonarrativa,
Machine Learning,
Machinima,
Maker Culture,
Male Psychology,
Mangá,
Manga And Anime Studies,
Marketing,
Marxism,
Masculinities,
Masculinity,
Mashups,
Mass-Media,
Mass Culture,
Material Culture,
Material Culture Theory,
Mathematics,
Meaningful Play,
Media,
Media & War,
Media And Communication,
Media And Communications,
Media And Globalization,
Media Archaeology,
Media Art,
Media Arts And Technologies,
Media Circulation,
Media Communication,
Media Ecology,
Media Education,
Media Effects,
Media History,
Media Industries,
Media Literacy,
Media Management,
Media Platforms,
Media Psychology,
Media Sciences,
Media Sociology,
Media Studies,
Media Temporality,
Media Theory,
Mediaphilosophy,
Medical Humanities,
Medienbildung,
Mediendidaktik,
Medienpädagogik,
Medienwissenschaft,
Medieval And Classical Studies,
Medieval Games,
Medieval Literature,
Medieval Studies,
Medievalism,
Mediterranean Maritime History,
Meme Studies,
Memes,
Memetic Cultures,
Memory Studies,
Mental Health,
Metafiction,
Metagaming,
Metaverse,
Microhistoria,
Middle English,
Militarisation,
Military History,
Misplay,
Mixed Reality,
Mobile Media,
Modern Japanese Literature,
Modern Mythologies,
Modern Mythology,
Modernism,
Monsters,
Mood Disorders,
Motion Capture,
Motivated Cognition,
Multimedia Journalism,
Multimedia Production,
Multimodality,
Mundos Posibles,
Museum Studies,
Museums,
Music Analysis,
Music Composition,
Musical Semantics,
Musicología,
Musicology,
Myth,
Myth Theory,
Mythology,
Narration,Narrative Studies
Narrativa,Narrative Studies
Narrativa Contemporánea,Narrative Studies
Narrativas Transmedia,Narrative Studies
Narrative,Narrative Studies
Narrative Brands,Narrative Studies
Narrative Design,Narrative Studies
Narrative Game Design,Narrative Studies
Narrative Theory,Narrative Studies
Narratologia,Narrative Studies
Narratología,Narrative Studies
Narratologie,Narrative Studies
Narratology,Narrative Studies
Neoliberalism,
Net.art,
Netnography,
Network Analysis,
Network Studies,
Networks,
Neuroscience,
New Materialism,
New Media,New Media
New Media Art,
New Media Studies,New Media
New Technologies,
Newsgames,
Nfts,
Nostalgia,
Nostalgia Studies,
Novela Digital,
Nudging,
Onomastics,
Onthology,
Ontology,
Open Culture,
Open Source Software,
Organizations & Institutions,
Otome Games,
Oulipo,
Paratexts,
Paratextuality,
Participatory Culture,
Patrimonio Cultural,
Pedagogía,
Pedagogy,
Performance Studies,
Performance Theory,
Personalization,
Persuasive Gaming,
Persuasive Technology,
Pervasive Games,
Phenomenology,
Philosophie,Philosophy
Philosophy,
Philosophy Of Ai,Philosophy
Philosophy Of Fiction,Philosophy
Philosophy Of Information Technologies,Philosophy
Philosophy Of Play,Philosophy
Philosophy Of Technology,Philosophy
Physics,
Planning History,
Platform History,
Platform Studies,
Platform Technologies,
Platforms,
Plato,
Play,
Play Based Learning,
Play Culture,
Play Studies,
Play Theory,
Playbour,
Player Experience,
Player Studies,
Playful Technology,
Playtesting,
Policy Labs,
Polish-Lithuanian History,
Political Behavior,
Political Discourse,
Political Economy,
Political Economy Of Communication,
Political Literature,
Political Psychology,
Political Theory,
Popular Culture,
Postcolonial Studies,
Postcolonialism,
Posthumanism,
Postmodern Literature,
Postmodernism,
Postmodernist Literature,
Poststructuralism,
Pr,
Practice Theory,
Praxistheorie,
Precarious Employment,
Presence,
Privacy,
Probabilistic Model,
Procedural Animation,
Procedural Content Generation,
Propagande,
Psicoanálisis,
Psychoanalysis,
Psychology,
Psychopathology,
Public History,
Public Management,
Public Outreach,
Public Sphere,
Publicidade E Propaganda,
Publishing Studies,
Qualitative Forschung,
Quantitative Analysis,
Queer Game Studies,
Queer Studies,Queer Studies
Queer Theory,Queer Studies
Race,
Racial Representation,
Reality-Virtuality,
Realtà Virtuale,
Religion & Media,
Remix Culture,
Resource Economics,
Retro Games,
Rhetoric,
Rhetoric And Writing,
Risc Communication,
Role-Playing,Role-Playing Games
Role-Playing Game Studies,Role-Playing Games
Role-Playing Games,Role-Playing Games
Role Play Studies,Role-Playing Games
Roman Near East,
Rpg,Role-Playing Games
Rpg Studies,Role-Playing Games
Rpgs,Role-Playing Games
Science And Technology Studies,
Science Communication,
Science Fiction,
Science Fiction Studies,
Science Studies,
Scientific Knowledge,
Screen Studies,
Semantic Web,
Semiology,Semiotics
Semiotica,Semiotics
Semiótica De La Imagen,Semiotics
Semiotics,Semiotics
Sentidos Da Saúde,
Serial Fiction,
Serialitätsforschung,
Serious Games,
Sexuality Studies,
Shakespeare,
Social Identity,
Social Impact Of Games,
Social Inclusion,
Social Innovation,
Social Media,Social Media
Social Media Studies,Social Media
Social Network Analysis,
Social Networks,
Social Ontology,
Social Psychology,
Social Sciences,
Social Simulation,
Social Theory,
Sociolinguistics,
Sociología,Sociology
Sociologia Da Comunicação,Sociology
Sociological Aspects Of Videogame …,Sociology
Sociological Aspects Of Videogame Localization,Sociology
Sociology,Sociology
Sociology Of Education,
Sociology Of Religion,
Socjologia Kulturowa,
Socjologia Literatury,
Socjologia Nauki,
Software Engineering,
Software Preservation,
Software Studies,
Sorting,
Sorting Algorithms,
Sound Studies,
Southeast Asian Studies,
Space And Place,
Spatial Theories,
Spatiality Studies,
Speculative Fiction,
Spielforschung,
Spielwissenschaften,
Sports,
Sports Communication,
Statistics,
Storytelling,
Sts,
Student Development,
Student Mobility,
Studies Of Artificial Intelligence,
Suomalainen Kirjallisuus,
Super Hero Studies,
Surveillance,
Surveillance Studies,
Technical Communication,
Technological Culture,
Technological Design,
Technology Acceptance,
Tecnología,
Tecnologias Na Educação,
Television,
Teoria Da Comunicação,
Teoría Literaria,
Teoría Post-Estructuralista,
Text Adventures,
Text Analysis,
Thanatology,
The Posthumanities,
Time Perception,
Tolkien Studies,
Tourism,
Toy Theory,
Transformative Play,
Transgender Studies,
Transhumanism,
Translation,
Translation Studies,
Transmedia,
Transmedia Research,
Transmedia Storytelling,
Transmedial Characters,
Transnational Cultural Studies,
Trauma,
Trauma Studies,
Trauma Theory,
Twitch,
Unreal Engine,
Urban Games,
Urban Studies,
Urbanism,
Usability,
User Experience,
User Innovation,
User Studies,
Users,
Utopian Studies,
Ux,
Venetian History,
Video Game History,
Video Game Industry,
Video Game Studies,Video Games
Video Games,
Video Games History,
Videogame,Video Games
Videogame Discourse,
Videogames,Video Games
Videojogos,Video Games
Videojuegos,Video Games
Videospiel,Video Games
Vietnamese Studies,
Virtual Environment,
Virtual Identities,
Virtual Production,
Virtual Reality,
Virtual Technologies,
Virtual Worlds,
Visual Arts,
Visual Communication,
Visual Communication Design,
Visual Culture,
Visual Culture Studies,
Visual New Media,
Visual Studies,
Visualization,
Voice Interaction,
Vr,
Vr And Ar,
Walking Sims,
Wandering,
War Studies,
Wargaming,
Web Accessibility,
Women And Gender Studies,
Writing,
Writing Center Praxis,
Writing Center Scholarship,
Writing Program Administration,
Writing Studies,
Xr Technology,
Youth Culture,
